,Episodeid,enddate,lat_10deg,lon_10deg,startdate,ST4_accum75,ST4_area75,ST4_dur,ST4_maxrr,ST4_avgrr,ST4_area_avg_pcp,area_norm_pcp,Season,state_cz_fips,centroid_lat,centroid_lon,flood_type,CTRL_total_accum75,CTRL_area_avg_pcp,CTRL_max_accum75,CTRL_total_avgrr75,CTRL_total_dur75,area_avg_rain_diff,dur_diff,area_avg_rain_diff_pct
0,1145517,20021216.06,"[33.375, 33.625, 33.875, 34.125, 34.375, 34.625, 34.875, 35.125, 35.375, 35.625, 35.875, 36.125, 36.375, 36.625, 36.875, 37.125, 37.375, 37.625, 37.875, 38.125, 38.375, 38.625, 38.875, 39.125, 39.375, 39.625, 39.875, 40.125, 40.375, 40.625, 40.875, 41.125, 41.375, 41.625, 41.875, 42.125, 42.375, 42.625, 42.875, 43.125, 43.375]","[-127.375, -127.125, -126.875, -126.625, -126.375, -126.125, -125.875, -125.625, -125.375, -125.125, -124.875, -124.625, -124.375, -124.125, -123.875, -123.625, -123.375, -123.125, -122.875, -122.625, -122.375, -122.125, -121.875, -121.625, -121.375, -121.125, -120.875, -120.625, -120.375, -120.125, -119.875, -119.625, -119.375, -119.125, -118.875, -118.625, -118.375, -118.125, -117.875, -117.625, -117.375]",20021213.2,325645.9375,47787.375,59.0,9.75423812866211,2.605959892272949,141.24726867675778,6.814476365358004,Winter,6055.0,38.36211695274453,-122.4613565053141,flash,2097120.5,145.8359222412109,626.390625,1.8939728475130768,77.0,4.588653564453125,18.0,3.248667112249928
1,46743,20101224.19,"[30.375, 30.625, 30.875, 31.125, 31.375, 31.625, 31.875, 32.125, 32.375, 32.625, 32.875, 33.125, 33.375, 33.625, 33.875, 34.125, 34.375, 34.625, 34.875, 35.125, 35.375, 35.625, 35.875, 36.125, 36.375, 36.625, 36.875, 37.125, 37.375, 37.625, 37.875, 38.125, 38.375, 38.625, 38.875, 39.125, 39.375, 39.625, 39.875, 40.125, 40.375]","[-121.625, -121.375, -121.125, -120.875, -120.625, -120.375, -120.125, -119.875, -119.625, -119.375, -119.125, -118.875, -118.625, -118.375, -118.125, -117.875, -117.625, -117.375, -117.125, -116.875, -116.625, -116.375, -116.125, -115.875, -115.625, -115.375, -115.125, -114.875, -114.625, -114.375, -114.125, -113.875, -113.625, -113.375, -113.125, -112.875, -112.625, -112.375, -112.125, -111.875, -111.625]",20101219.07,522991.3125,110262.9375,133.0,3.9419565200805664,0.8046380281448364,106.56222534179688,4.743128782506815,Winter,6071.0,35.483921061064116,-116.65260315999693,flash,1898127.25,140.09353637695312,854.6793823242188,1.0533346596121131,133.0,33.53131103515625,0.0,31.46641403893831
2,46877,20101222.18,"[28.875, 29.125, 29.375, 29.625, 29.875, 30.125, 30.375, 30.625, 30.875, 31.125, 31.375, 31.625, 31.875, 32.125, 32.375, 32.625, 32.875, 33.125, 33.375, 33.625, 33.875, 34.125, 34.375, 34.625, 34.875, 35.125, 35.375, 35.625, 35.875, 36.125, 36.375, 36.625, 36.875, 37.125, 37.375, 37.625, 37.875, 38.125, 38.375, 38.625, 38.875]","[-121.625, -121.375, -121.125, -120.875, -120.625, -120.375, -120.125, -119.875, -119.625, -119.375, -119.125, -118.875, -118.625, -118.375, -118.125, -117.875, -117.625, -117.375, -117.125, -116.875, -116.625, -116.375, -116.125, -115.875, -115.625, -115.375, -115.125, -114.875, -114.625, -114.375, -114.125, -113.875, -113.625, -113.375, -113.125, -112.875, -112.625, -112.375, -112.125, -111.875, -111.625]",20101219.06,397422.6875,103607.0,85.0,5.432119369506836,1.0181970596313477,85.18599700927734,3.8358671470074417,Winter,6065.0,33.81303684212908,-116.53284319275015,flash,1279606.375,130.59872436523438,807.1153564453125,1.5364555160463644,85.0,45.41272735595703,0.0,53.310084932164706
3,13093,20080126.02,"[33.125, 33.375, 33.625, 33.875, 34.125, 34.375, 34.625, 34.875, 35.125, 35.375, 35.625, 35.875, 36.125, 36.375, 36.625, 36.875, 37.125, 37.375, 37.625, 37.875, 38.125, 38.375, 38.625, 38.875, 39.125, 39.375, 39.625, 39.875, 40.125, 40.375, 40.625, 40.875, 41.125, 41.375, 41.625, 41.875, 42.125, 42.375, 42.625, 42.875, 43.125]","[-127.625, -127.375, -127.125, -126.875, -126.625, -126.375, -126.125, -125.875, -125.625, -125.375, -125.125, -124.875, -124.625, -124.375, -124.125, -123.875, -123.625, -123.375, -123.125, -122.875, -122.625, -122.375, -122.125, -121.875, -121.625, -121.375, -121.125, -120.875, -120.625, -120.375, -120.125, -119.875, -119.625, -119.375, -119.125, -118.875, -118.625, -118.375, -118.125, -117.875, -117.625]",20080125.12,115090.671875,35716.4375,15.0,90.68533325195312,4.846942901611328,71.62848663330078,3.2223446662338597,Winter,6041.0,38.008258007457016,-122.64576218990007,flash,406270.53125,30.88335418701172,152.9625701904297,2.05889038280708,15.0,-40.74513244628906,0.0,-56.883977815812536
4,46033,20101222.19,"[29.375, 29.625, 29.875, 30.125, 30.375, 30.625, 30.875, 31.125, 31.375, 31.625, 31.875, 32.125, 32.375, 32.625, 32.875, 33.125, 33.375, 33.625, 33.875, 34.125, 34.375, 34.625, 34.875, 35.125, 35.375, 35.625, 35.875, 36.125, 36.375, 36.625, 36.875, 37.125, 37.375, 37.625, 37.875, 38.125, 38.375, 38.625, 38.875, 39.125, 39.375]","[-123.125, -122.875, -122.625, -122.375, -122.125, -121.875, -121.625, -121.375, -121.125, -120.875, -120.625, -120.375, -120.125, -119.875, -119.625, -119.375, -119.125, -118.875, -118.625, -118.375, -118.125, -117.875, -117.625, -117.375, -117.125, -116.875, -116.625, -116.375, -116.125, -115.875, -115.625, -115.375, -115.125, -114.875, -114.625, -114.375, -114.125, -113.875, -113.625, -113.375, -113.125]",20101220.19,202827.03125,65995.3125,49.0,5.390818119049072,1.4151545763015747,69.86788940429689,3.0733551151833702,Winter,6037.0,34.321040331376444,-118.224645893059,flash,952476.5625,71.8958740234375,595.0966186523439,1.4672627966631735,49.0,2.027984619140611,0.0,2.902598942706704
5,14069,20080127.23,"[28.125, 28.375, 28.625, 28.875, 29.125, 29.375, 29.625, 29.875, 30.125, 30.375, 30.625, 30.875, 31.125, 31.375, 31.625, 31.875, 32.125, 32.375, 32.625, 32.875, 33.125, 33.375, 33.625, 33.875, 34.125, 34.375, 34.625, 34.875, 35.125, 35.375, 35.625, 35.875, 36.125, 36.375, 36.625, 36.875, 37.125, 37.375, 37.625, 37.875, 38.125]","[-121.625, -121.375, -121.125, -120.875, -120.625, -120.375, -120.125, -119.875, -119.625, -119.375, -119.125, -118.875, -118.625, -118.375, -118.125, -117.875, -117.625, -117.375, -117.125, -116.875, -116.625, -116.375, -116.125, -115.875, -115.625, -115.375, -115.125, -114.875, -114.625, -114.375, -114.125, -113.875, -113.625, -113.375, -113.125, -112.875, -112.625, -112.375, -112.125, -111.875, -111.625]",20080127.06,165714.921875,50697.9375,18.0,97.9800033569336,4.097188949584962,68.73786163330078,3.2686718641167603,Winter,6073.0,33.03375314315009,-116.73528276873644,flash,342800.625,33.532291412353516,184.18659973144528,1.8629048810322413,18.0,-35.205570220947266,0.0,-51.217144939364175
6,36103,20100121.22,"[29.375, 29.625, 29.875, 30.125, 30.375, 30.625, 30.875, 31.125, 31.375, 31.625, 31.875, 32.125, 32.375, 32.625, 32.875, 33.125, 33.375, 33.625, 33.875, 34.125, 34.375, 34.625, 34.875, 35.125, 35.375, 35.625, 35.875, 36.125, 36.375, 36.625, 36.875, 37.125, 37.375, 37.625, 37.875, 38.125, 38.375, 38.625, 38.875, 39.125, 39.375]","[-123.875, -123.625, -123.375, -123.125, -122.875, -122.625, -122.375, -122.125, -121.875, -121.625, -121.375, -121.125, -120.875, -120.625, -120.375, -120.125, -119.875, -119.625, -119.375, -119.125, -118.875, -118.625, -118.375, -118.125, -117.875, -117.625, -117.375, -117.125, -116.875, -116.625, -116.375, -116.125, -115.875, -115.625, -115.375, -115.125, -114.875, -114.625, -114.375, -114.125, -113.875]",20100118.1,599817.5,191691.0,85.0,4.07047176361084,0.830588161945343,68.69205474853516,3.129085350903277,Winter,6111.0,34.418701999433715,-118.75485348651505,flash,1853331.375,129.2871551513672,365.64166259765625,1.375395177814816,94.0,60.59510040283203,9.0,88.21267703325502
7,69893,20121130.18,"[32.375, 32.625, 32.875, 33.125, 33.375, 33.625, 33.875, 34.125, 34.375, 34.625, 34.875, 35.125, 35.375, 35.625, 35.875, 36.125, 36.375, 36.625, 36.875, 37.125, 37.375, 37.625, 37.875, 38.125, 38.375, 38.625, 38.875, 39.125, 39.375, 39.625, 39.875, 40.125, 40.375, 40.625, 40.875, 41.125, 41.375, 41.625, 41.875, 42.125, 42.375]","[-127.125, -126.875, -126.625, -126.375, -126.125, -125.875, -125.625, -125.375, -125.125, -124.875, -124.625, -124.375, -124.125, -123.875, -123.625, -123.375, -123.125, -122.875, -122.625, -122.375, -122.125, -121.875, -121.625, -121.375, -121.125, -120.875, -120.625, -120.375, -120.125, -119.875, -119.625, -119.375, -119.125, -118.875, -118.625, -118.375, -118.125, -117.875, -117.625, -117.375, -117.125]",20121130.09,38919.328125,16741.375,10.0,12.901998519897461,5.245193004608153,50.63464736938477,2.3247390447319893,Fall,6097.0,37.37280535277454,-122.06301550724793,flash,405079.84375,29.82914924621582,154.9091644287109,2.982914698808638,10.0,-20.805498123168952,0.0,-41.08945001905668
8,36580,20100121.22,"[28.875, 29.125, 29.375, 29.625, 29.875, 30.125, 30.375, 30.625, 30.875, 31.125, 31.375, 31.625, 31.875, 32.125, 32.375, 32.625, 32.875, 33.125, 33.375, 33.625, 33.875, 34.125, 34.375, 34.625, 34.875, 35.125, 35.375, 35.625, 35.875, 36.125, 36.375, 36.625, 36.875, 37.125, 37.375, 37.625, 37.875, 38.125, 38.375, 38.625, 38.875]","[-121.125, -120.875, -120.625, -120.375, -120.125, -119.875, -119.625, -119.375, -119.125, -118.875, -118.625, -118.375, -118.125, -117.875, -117.625, -117.375, -117.125, -116.875, -116.625, -116.375, -116.125, -115.875, -115.625, -115.375, -115.125, -114.875, -114.625, -114.375, -114.125, -113.875, -113.625, -113.375, -113.125, -112.875, -112.625, -112.375, -112.125, -111.875, -111.625, -111.375, -111.125]",20100121.09,416627.0,231378.4375,14.0,10.135713577270508,2.9019083976745605,40.21467208862305,1.800630190529314,Winter,6065.0,33.84059247182327,-116.22591081692646,flash,584226.875,44.18597030639648,221.48187255859375,3.1561408909781323,14.0,3.9712982177734304,0.0,9.875247046703963
9,1166731,20040226.03,"[29.375, 29.625, 29.875, 30.125, 30.375, 30.625, 30.875, 31.125, 31.375, 31.625, 31.875, 32.125, 32.375, 32.625, 32.875, 33.125, 33.375, 33.625, 33.875, 34.125, 34.375, 34.625, 34.875, 35.125, 35.375, 35.625, 35.875, 36.125, 36.375, 36.625, 36.875, 37.125, 37.375, 37.625, 37.875, 38.125, 38.375, 38.625, 38.875, 39.125, 39.375]","[-124.125, -123.875, -123.625, -123.375, -123.125, -122.875, -122.625, -122.375, -122.125, -121.875, -121.625, -121.375, -121.125, -120.875, -120.625, -120.375, -120.125, -119.875, -119.625, -119.375, -119.125, -118.875, -118.625, -118.375, -118.125, -117.875, -117.625, -117.375, -117.125, -116.875, -116.625, -116.375, -116.125, -115.875, -115.625, -115.375, -115.125, -114.875, -114.625, -114.375, -114.125]",20040225.16,180762.78125,105953.5,12.0,10.397500038146973,3.2077434062957764,35.013580322265625,1.7060576691661908,Winter,6111.0,34.45678343583186,-119.08332961937376,flash,372959.75,35.291423797607415,161.25576782226562,2.9409519147758623,12.0,0.27784347534178977,0.0,0.7935306037957656
10,1168720,20040226.12,"[29.125, 29.375, 29.625, 29.875, 30.125, 30.375, 30.625, 30.875, 31.125, 31.375, 31.625, 31.875, 32.125, 32.375, 32.625, 32.875, 33.125, 33.375, 33.625, 33.875, 34.125, 34.375, 34.625, 34.875, 35.125, 35.375, 35.625, 35.875, 36.125, 36.375, 36.625, 36.875, 37.125, 37.375, 37.625, 37.875, 38.125, 38.375, 38.625, 38.875, 39.125]","[-121.375, -121.125, -120.875, -120.625, -120.375, -120.125, -119.875, -119.625, -119.375, -119.125, -118.875, -118.625, -118.375, -118.125, -117.875, -117.625, -117.375, -117.125, -116.875, -116.625, -116.375, -116.125, -115.875, -115.625, -115.375, -115.125, -114.875, -114.625, -114.375, -114.125, -113.875, -113.625, -113.375, -113.125, -112.875, -112.625, -112.375, -112.125, -111.875, -111.625, -111.375]",20040225.21,135393.71875,95597.3125,16.0,7.93312406539917,1.9971932172775269,29.90814781188965,1.4162921028768458,Winter,6071.0,34.21930734233979,-116.47927290029732,flash,343608.09375,39.04193878173828,127.40618133544922,2.4401208029363843,16.0,9.133790969848633,0.0,30.539473815953244
11,70798,20121223.21,"[32.625, 32.875, 33.125, 33.375, 33.625, 33.875, 34.125, 34.375, 34.625, 34.875, 35.125, 35.375, 35.625, 35.875, 36.125, 36.375, 36.625, 36.875, 37.125, 37.375, 37.625, 37.875, 38.125, 38.375, 38.625, 38.875, 39.125, 39.375, 39.625, 39.875, 40.125, 40.375, 40.625, 40.875, 41.125, 41.375, 41.625, 41.875, 42.125, 42.375, 42.625]","[-127.375, -127.125, -126.875, -126.625, -126.375, -126.125, -125.875, -125.625, -125.375, -125.125, -124.875, -124.625, -124.375, -124.125, -123.875, -123.625, -123.375, -123.125, -122.875, -122.625, -122.375, -122.125, -121.875, -121.625, -121.375, -121.125, -120.875, -120.625, -120.375, -120.125, -119.875, -119.625, -119.375, -119.125, -118.875, -118.625, -118.375, -118.125, -117.875, -117.625, -117.375]",20121223.07,30457.1015625,21682.5625,15.0,5.743333339691162,2.112875461578369,27.416721343994144,1.404681829580798,Winter,6081.0,37.502863230261006,-122.3078527889667,flash,323787.46875,25.85542297363281,90.33660125732419,1.7236947253696675,15.0,-1.5612983703613352,0.0,-5.6946939452457555
12,35763,20100121.19,"[30.125, 30.375, 30.625, 30.875, 31.125, 31.375, 31.625, 31.875, 32.125, 32.375, 32.625, 32.875, 33.125, 33.375, 33.625, 33.875, 34.125, 34.375, 34.625, 34.875, 35.125, 35.375, 35.625, 35.875, 36.125, 36.375, 36.625, 36.875, 37.125, 37.375, 37.625, 37.875, 38.125, 38.375, 38.625, 38.875, 39.125, 39.375, 39.625, 39.875, 40.125]","[-121.375, -121.125, -120.875, -120.625, -120.375, -120.125, -119.875, -119.625, -119.375, -119.125, -118.875, -118.625, -118.375, -118.125, -117.875, -117.625, -117.375, -117.125, -116.875, -116.625, -116.375, -116.125, -115.875, -115.625, -115.375, -115.125, -114.875, -114.625, -114.375, -114.125, -113.875, -113.625, -113.375, -113.125, -112.875, -112.625, -112.375, -112.125, -111.875, -111.625, -111.375]",20100121.1,274151.53125,235011.0,10.0,8.763999938964844,2.632023572921753,26.169551849365238,1.1665476562799189,Winter,6071.0,35.1755784536149,-116.42499174522509,flash,505188.93750000006,46.13176345825196,190.1260986328125,2.4279877991965986,19.0,19.962211608886722,9.0,76.28029598592809
13,32921,20090906.03,"[29.875, 30.125, 30.375, 30.625, 30.875, 31.125, 31.375, 31.625, 31.875, 32.125, 32.375, 32.625, 32.875, 33.125, 33.375, 33.625, 33.875, 34.125, 34.375, 34.625, 34.875, 35.125, 35.375, 35.625, 35.875, 36.125, 36.375, 36.625, 36.875, 37.125, 37.375, 37.625, 37.875, 38.125, 38.375, 38.625, 38.875, 39.125, 39.375, 39.625, 39.875]","[-121.125, -120.875, -120.625, -120.375, -120.125, -119.875, -119.625, -119.375, -119.125, -118.875, -118.625, -118.375, -118.125, -117.875, -117.625, -117.375, -117.125, -116.875, -116.625, -116.375, -116.125, -115.875, -115.625, -115.375, -115.125, -114.875, -114.625, -114.375, -114.125, -113.875, -113.625, -113.375, -113.125, -112.875, -112.625, -112.375, -112.125, -111.875, -111.625, -111.375, -111.125]",20090904.1,23378.349609375,19448.875,42.0,2.330714225769043,0.6457394361495972,25.090835571289066,1.2020412290878006,Fall,6071.0,34.84154062887824,-116.17841271255554,flash,160396.8125,25.144506454467773,133.43739318847656,0.493029487618212,51.0,0.053670883178707385,9.0,0.2139063206014625
14,57731,20110913.16,"[29.375, 29.625, 29.875, 30.125, 30.375, 30.625, 30.875, 31.125, 31.375, 31.625, 31.875, 32.125, 32.375, 32.625, 32.875, 33.125, 33.375, 33.625, 33.875, 34.125, 34.375, 34.625, 34.875, 35.125, 35.375, 35.625, 35.875, 36.125, 36.375, 36.625, 36.875, 37.125, 37.375, 37.625, 37.875, 38.125, 38.375, 38.625, 38.875, 39.125, 39.375]","[-121.125, -120.875, -120.625, -120.375, -120.125, -119.875, -119.625, -119.375, -119.125, -118.875, -118.625, -118.375, -118.125, -117.875, -117.625, -117.375, -117.125, -116.875, -116.625, -116.375, -116.125, -115.875, -115.625, -115.375, -115.125, -114.875, -114.625, -114.375, -114.125, -113.875, -113.625, -113.375, -113.125, -112.875, -112.625, -112.375, -112.125, -111.875, -111.625, -111.375, -111.125]",20110910.17,62888.7109375,58482.0,72.0,1.1099998950958252,0.33698081970214844,23.613370895385746,1.0753515771946924,Fall,6071.0,34.475539771796285,-116.11726643943932,flash,153634.046875,14.355638504028319,69.91331481933594,0.19938387993738088,72.0,-9.257732391357427,0.0,-39.205467242995226
15,68890,20120911.08,"[28.625, 28.875, 29.125, 29.375, 29.625, 29.875, 30.125, 30.375, 30.625, 30.875, 31.125, 31.375, 31.625, 31.875, 32.125, 32.375, 32.625, 32.875, 33.125, 33.375, 33.625, 33.875, 34.125, 34.375, 34.625, 34.875, 35.125, 35.375, 35.625, 35.875, 36.125, 36.375, 36.625, 36.875, 37.125, 37.375, 37.625, 37.875, 38.125, 38.375, 38.625]","[-120.875, -120.625, -120.375, -120.125, -119.875, -119.625, -119.375, -119.125, -118.875, -118.625, -118.375, -118.125, -117.875, -117.625, -117.375, -117.125, -116.875, -116.625, -116.375, -116.125, -115.875, -115.625, -115.375, -115.125, -114.875, -114.625, -114.375, -114.125, -113.875, -113.625, -113.375, -113.125, -112.875, -112.625, -112.375, -112.125, -111.875, -111.625, -111.375, -111.125, -110.875]",20120910.23,33134.66015625,36167.6875,10.0,10.513999938964844,2.0670406818389893,19.584932327270508,0.9161398598196248,Fall,6065.0,33.743538057632364,-115.99497389320692,flash,68457.65624999999,10.784130096435545,91.49926757812499,1.0784129076583924,10.0,-8.800802230834963,0.0,-44.93659760355936
16,1164512,20031112.22,"[29.375, 29.625, 29.875, 30.125, 30.375, 30.625, 30.875, 31.125, 31.375, 31.625, 31.875, 32.125, 32.375, 32.625, 32.875, 33.125, 33.375, 33.625, 33.875, 34.125, 34.375, 34.625, 34.875, 35.125, 35.375, 35.625, 35.875, 36.125, 36.375, 36.625, 36.875, 37.125, 37.375, 37.625, 37.875, 38.125, 38.375, 38.625, 38.875, 39.125, 39.375]","[-123.125, -122.875, -122.625, -122.375, -122.125, -121.875, -121.625, -121.375, -121.125, -120.875, -120.625, -120.375, -120.125, -119.875, -119.625, -119.375, -119.125, -118.875, -118.625, -118.375, -118.125, -117.875, -117.625, -117.375, -117.125, -116.875, -116.625, -116.375, -116.125, -115.875, -115.625, -115.375, -115.125, -114.875, -114.625, -114.375, -114.125, -113.875, -113.625, -113.375, -113.125]",20031112.15,77172.4375,93589.25,8.0,16.532501220703125,2.325591802597046,16.45233154296875,0.8245865577510237,Fall,6037.0,34.321040331376444,-118.224645893059,flash,74760.4609375,8.431313514709473,34.479366302490234,1.0539142137465407,8.0,-8.021018028259277,0.0,-48.753077989649604
17,1168716,20040222.18,"[29.125, 29.375, 29.625, 29.875, 30.125, 30.375, 30.625, 30.875, 31.125, 31.375, 31.625, 31.875, 32.125, 32.375, 32.625, 32.875, 33.125, 33.375, 33.625, 33.875, 34.125, 34.375, 34.625, 34.875, 35.125, 35.375, 35.625, 35.875, 36.125, 36.375, 36.625, 36.875, 37.125, 37.375, 37.625, 37.875, 38.125, 38.375, 38.625, 38.875, 39.125]","[-121.375, -121.125, -120.875, -120.625, -120.375, -120.125, -119.875, -119.625, -119.375, -119.125, -118.875, -118.625, -118.375, -118.125, -117.875, -117.625, -117.375, -117.125, -116.875, -116.625, -116.375, -116.125, -115.875, -115.625, -115.375, -115.125, -114.875, -114.625, -114.375, -114.125, -113.875, -113.625, -113.375, -113.125, -112.875, -112.625, -112.375, -112.125, -111.875, -111.625, -111.375]",20040221.23,30903.130859375,39552.0625,20.0,4.819499969482422,0.8814356327056885,15.99515914916992,0.7813279234015925,Winter,6065.0,34.02637000032445,-116.36430913120479,flash,174774.515625,24.3894100189209,119.90576934814452,1.2194705095864729,20.0,8.394250869750978,0.0,52.47994591030126
18,1168722,20040203.03,"[28.625, 28.875, 29.125, 29.375, 29.625, 29.875, 30.125, 30.375, 30.625, 30.875, 31.125, 31.375, 31.625, 31.875, 32.125, 32.375, 32.625, 32.875, 33.125, 33.375, 33.625, 33.875, 34.125, 34.375, 34.625, 34.875, 35.125, 35.375, 35.625, 35.875, 36.125, 36.375, 36.625, 36.875, 37.125, 37.375, 37.625, 37.875, 38.125, 38.375, 38.625]","[-121.625, -121.375, -121.125, -120.875, -120.625, -120.375, -120.125, -119.875, -119.625, -119.375, -119.125, -118.875, -118.625, -118.375, -118.125, -117.875, -117.625, -117.375, -117.125, -116.875, -116.625, -116.375, -116.125, -115.875, -115.625, -115.375, -115.125, -114.875, -114.625, -114.375, -114.125, -113.875, -113.625, -113.375, -113.125, -112.875, -112.625, -112.375, -112.125, -111.875, -111.625]",20040202.2,28472.072265625,36100.0,8.0,7.035000324249268,2.2243807315826416,15.703949928283693,0.7887000627596953,Winter,6065.0,33.74677889072797,-116.53914927672236,flash,118118.5625,14.51087951660156,65.91746520996094,0.5581107158175128,26.0,-1.1930704116821325,18.0,-7.597263218047747
19,1163933,20031112.19,"[29.125, 29.375, 29.625, 29.875, 30.125, 30.375, 30.625, 30.875, 31.125, 31.375, 31.625, 31.875, 32.125, 32.375, 32.625, 32.875, 33.125, 33.375, 33.625, 33.875, 34.125, 34.375, 34.625, 34.875, 35.125, 35.375, 35.625, 35.875, 36.125, 36.375, 36.625, 36.875, 37.125, 37.375, 37.625, 37.875, 38.125, 38.375, 38.625, 38.875, 39.125]","[-121.375, -121.125, -120.875, -120.625, -120.375, -120.125, -119.875, -119.625, -119.375, -119.125, -118.875, -118.625, -118.375, -118.125, -117.875, -117.625, -117.375, -117.125, -116.875, -116.625, -116.375, -116.125, -115.875, -115.625, -115.375, -115.125, -114.875, -114.625, -114.375, -114.125, -113.875, -113.625, -113.375, -113.125, -112.875, -112.625, -112.375, -112.125, -111.875, -111.625, -111.375]",20031112.07,36676.03125,49073.4375,13.0,8.386153221130371,1.2971186637878418,15.326429367065428,0.7473703314547713,Fall,6065.0,34.174594339274705,-116.42146918151391,flash,92339.859375,10.07637023925781,30.670839309692383,0.7751055324077204,13.0,-5.250059127807617,0.0,-34.25493963446786
20,1168717,20040218.22,"[28.625, 28.875, 29.125, 29.375, 29.625, 29.875, 30.125, 30.375, 30.625, 30.875, 31.125, 31.375, 31.625, 31.875, 32.125, 32.375, 32.625, 32.875, 33.125, 33.375, 33.625, 33.875, 34.125, 34.375, 34.625, 34.875, 35.125, 35.375, 35.625, 35.875, 36.125, 36.375, 36.625, 36.875, 37.125, 37.375, 37.625, 37.875, 38.125, 38.375, 38.625]","[-121.625, -121.375, -121.125, -120.875, -120.625, -120.375, -120.125, -119.875, -119.625, -119.375, -119.125, -118.875, -118.625, -118.375, -118.125, -117.875, -117.625, -117.375, -117.125, -116.875, -116.625, -116.375, -116.125, -115.875, -115.625, -115.375, -115.125, -114.875, -114.625, -114.375, -114.125, -113.875, -113.625, -113.375, -113.125, -112.875, -112.625, -112.375, -112.125, -111.875, -111.625]",20040218.14,49013.10546875,74907.5,9.0,5.626667022705078,1.640331745147705,13.560393333435053,0.6543150614925074,Winter,6073.0,33.67107985923262,-116.68090496785601,flash,101311.40625,14.129902839660643,43.13462829589844,1.569989449231916,9.0,0.5695095062255895,0.0,4.199800789121536
21,9358,20070922.14,"[29.375, 29.625, 29.875, 30.125, 30.375, 30.625, 30.875, 31.125, 31.375, 31.625, 31.875, 32.125, 32.375, 32.625, 32.875, 33.125, 33.375, 33.625, 33.875, 34.125, 34.375, 34.625, 34.875, 35.125, 35.375, 35.625, 35.875, 36.125, 36.375, 36.625, 36.875, 37.125, 37.375, 37.625, 37.875, 38.125, 38.375, 38.625, 38.875, 39.125, 39.375]","[-123.125, -122.875, -122.625, -122.375, -122.125, -121.875, -121.625, -121.375, -121.125, -120.875, -120.625, -120.375, -120.125, -119.875, -119.625, -119.375, -119.125, -118.875, -118.625, -118.375, -118.125, -117.875, -117.625, -117.375, -117.125, -116.875, -116.625, -116.375, -116.125, -115.875, -115.625, -115.375, -115.125, -114.875, -114.625, -114.375, -114.125, -113.875, -113.625, -113.375, -113.125]",20070921.19,18807.97265625,36686.625,20.0,1.7130000591278076,0.578350841999054,10.895076751708984,0.5126656555692981,Fall,6037.0,34.321040331376444,-118.224645893059,flash,62174.44140624999,11.376841545104979,62.578311920166016,0.5688421030493908,20.0,0.4817647933959943,0.0,4.421857728725274
22,1165244,20031225.19,"[29.875, 30.125, 30.375, 30.625, 30.875, 31.125, 31.375, 31.625, 31.875, 32.125, 32.375, 32.625, 32.875, 33.125, 33.375, 33.625, 33.875, 34.125, 34.375, 34.625, 34.875, 35.125, 35.375, 35.625, 35.875, 36.125, 36.375, 36.625, 36.875, 37.125, 37.375, 37.625, 37.875, 38.125, 38.375, 38.625, 38.875, 39.125, 39.375, 39.625, 39.875]","[-121.125, -120.875, -120.625, -120.375, -120.125, -119.875, -119.625, -119.375, -119.125, -118.875, -118.625, -118.375, -118.125, -117.875, -117.625, -117.375, -117.125, -116.875, -116.625, -116.375, -116.125, -115.875, -115.625, -115.375, -115.125, -114.875, -114.625, -114.375, -114.125, -113.875, -113.625, -113.375, -113.125, -112.875, -112.625, -112.375, -112.125, -111.875, -111.625, -111.375, -111.125]",20031225.12,22492.23828125,63017.0625,8.0,3.783750057220459,1.0066343545913696,7.67284440994263,0.35692298861518656,Winter,6071.0,34.84154062887824,-116.17841271255554,flash,31226.378906249996,7.087239742279054,29.83500862121582,0.8859049453012413,8.0,-0.585604667663576,0.0,-7.6321718045623
23,1168733,20040302.18,"[28.125, 28.375, 28.625, 28.875, 29.125, 29.375, 29.625, 29.875, 30.125, 30.375, 30.625, 30.875, 31.125, 31.375, 31.625, 31.875, 32.125, 32.375, 32.625, 32.875, 33.125, 33.375, 33.625, 33.875, 34.125, 34.375, 34.625, 34.875, 35.125, 35.375, 35.625, 35.875, 36.125, 36.375, 36.625, 36.875, 37.125, 37.375, 37.625, 37.875, 38.125]","[-121.625, -121.375, -121.125, -120.875, -120.625, -120.375, -120.125, -119.875, -119.625, -119.375, -119.125, -118.875, -118.625, -118.375, -118.125, -117.875, -117.625, -117.375, -117.125, -116.875, -116.625, -116.375, -116.125, -115.875, -115.625, -115.375, -115.125, -114.875, -114.625, -114.375, -114.125, -113.875, -113.625, -113.375, -113.125, -112.875, -112.625, -112.375, -112.125, -111.875, -111.625]",20040302.14,7010.92041015625,20712.375,5.0,10.829999923706056,1.5274335145950315,6.622292518615723,0.33848944943089576,Spring,6073.0,33.03375314315009,-116.73528276873644,flash,42823.01171875,5.41104507446289,25.54623794555664,1.0822092567696422,5.0,-1.211247444152833,0.0,-18.29045516711822
24,36468,20100206.17,"[29.375, 29.625, 29.875, 30.125, 30.375, 30.625, 30.875, 31.125, 31.375, 31.625, 31.875, 32.125, 32.375, 32.625, 32.875, 33.125, 33.375, 33.625, 33.875, 34.125, 34.375, 34.625, 34.875, 35.125, 35.375, 35.625, 35.875, 36.125, 36.375, 36.625, 36.875, 37.125, 37.375, 37.625, 37.875, 38.125, 38.375, 38.625, 38.875, 39.125, 39.375]","[-123.125, -122.875, -122.625, -122.375, -122.125, -121.875, -121.625, -121.375, -121.125, -120.875, -120.625, -120.375, -120.125, -119.875, -119.625, -119.375, -119.125, -118.875, -118.625, -118.375, -118.125, -117.875, -117.625, -117.375, -117.125, -116.875, -116.625, -116.375, -116.125, -115.875, -115.625, -115.375, -115.125, -114.875, -114.625, -114.375, -114.125, -113.875, -113.625, -113.375, -113.125]",20100206.03,12429.650390625,48374.0,15.0,2.0273332595825195,0.3864941000938416,5.1058220863342285,0.2569489889325878,Winter,6037.0,34.321040331376444,-118.224645893059,flash,142178.82812499997,20.41039657592773,130.52540588378906,1.360693345725656,15.0,15.304574489593502,0.0,299.7475084483713
25,57900,20110910.19,"[29.375, 29.625, 29.875, 30.125, 30.375, 30.625, 30.875, 31.125, 31.375, 31.625, 31.875, 32.125, 32.375, 32.625, 32.875, 33.125, 33.375, 33.625, 33.875, 34.125, 34.375, 34.625, 34.875, 35.125, 35.375, 35.625, 35.875, 36.125, 36.375, 36.625, 36.875, 37.125, 37.375, 37.625, 37.875, 38.125, 38.375, 38.625, 38.875, 39.125, 39.375]","[-123.125, -122.875, -122.625, -122.375, -122.125, -121.875, -121.625, -121.375, -121.125, -120.875, -120.625, -120.375, -120.125, -119.875, -119.625, -119.375, -119.125, -118.875, -118.625, -118.375, -118.125, -117.875, -117.625, -117.375, -117.125, -116.875, -116.625, -116.375, -116.125, -115.875, -115.625, -115.375, -115.125, -114.875, -114.625, -114.375, -114.125, -113.875, -113.625, -113.375, -113.125]",20110910.12,350.5099792480469,2955.6875,8.0,1.0012500286102295,0.33445608615875244,2.482144594192505,0.11858830788033135,Fall,6037.0,34.321040331376444,-118.224645893059,flash,6127.172363281249,2.1712162494659424,13.62809944152832,0.2714020394707596,8.0,-0.3109283447265625,0.0,-12.526600805369851
26,17732,20080522.13,"[28.625, 28.875, 29.125, 29.375, 29.625, 29.875, 30.125, 30.375, 30.625, 30.875, 31.125, 31.375, 31.625, 31.875, 32.125, 32.375, 32.625, 32.875, 33.125, 33.375, 33.625, 33.875, 34.125, 34.375, 34.625, 34.875, 35.125, 35.375, 35.625, 35.875, 36.125, 36.375, 36.625, 36.875, 37.125, 37.375, 37.625, 37.875, 38.125, 38.375, 38.625]","[-122.875, -122.625, -122.375, -122.125, -121.875, -121.625, -121.375, -121.125, -120.875, -120.625, -120.375, -120.125, -119.875, -119.625, -119.375, -119.125, -118.875, -118.625, -118.375, -118.125, -117.875, -117.625, -117.375, -117.125, -116.875, -116.625, -116.375, -116.125, -115.875, -115.625, -115.375, -115.125, -114.875, -114.625, -114.375, -114.125, -113.875, -113.625, -113.375, -113.125, -112.875]",20080522.1,89.44999694824219,1850.125,4.0,0.625,0.27271339297294617,1.0286054611206057,0.048348082939391766,Spring,6059.0,33.70281432335231,-117.76057269604469,flash,99.71266174316405,0.08047834038734436,0.41978210210800165,0.006190641689450037,13.0,-0.9481271207332613,9.0,-92.17597578184468
27,69339,20121203.02,"[32.125, 32.375, 32.625, 32.875, 33.125, 33.375, 33.625, 33.875, 34.125, 34.375, 34.625, 34.875, 35.125, 35.375, 35.625, 35.875, 36.125, 36.375, 36.625, 36.875, 37.125, 37.375, 37.625, 37.875, 38.125, 38.375, 38.625, 38.875, 39.125, 39.375, 39.625, 39.875, 40.125, 40.375, 40.625, 40.875, 41.125, 41.375, 41.625, 41.875, 42.125, 42.375, 42.625, 42.875, 43.125, 43.375, 43.625, 43.875, 44.125, 44.375, 44.625, 44.875, 45.125, 45.375, 45.625, 45.875, 46.125, 46.375, 46.625, 46.875, 47.125]","[-129.125, -128.875, -128.625, -128.375, -128.125, -127.875, -127.625, -127.375, -127.125, -126.875, -126.625, -126.375, -126.125, -125.875, -125.625, -125.375, -125.125, -124.875, -124.625, -124.375, -124.125, -123.875, -123.625, -123.375, -123.125, -122.875, -122.625, -122.375, -122.125, -121.875, -121.625, -121.375, -121.125, -120.875, -120.625, -120.375, -120.125, -119.875, -119.625, -119.375, -119.125, -118.875, -118.625, -118.375, -118.125, -117.875, -117.625, -117.375, -117.125, -116.875, -116.625, -116.375, -116.125, -115.875, -115.625, -115.375, -115.125, -114.875, -114.625, -114.375, -114.125]",20121201.05,42218.2890625,7152.3125,48.0,35.54750061035156,8.323795318603517,142.61090087890625,5.902746707795557,Winter,6007.0,39.6366459461667,-121.6467674770444,slow,1192568.75,90.2640609741211,373.6014099121094,1.9622624339632313,46.0,-52.346839904785156,-2.0,-36.706057939591794
28,69893,20121130.18,"[30.125, 30.375, 30.625, 30.875, 31.125, 31.375, 31.625, 31.875, 32.125, 32.375, 32.625, 32.875, 33.125, 33.375, 33.625, 33.875, 34.125, 34.375, 34.625, 34.875, 35.125, 35.375, 35.625, 35.875, 36.125, 36.375, 36.625, 36.875, 37.125, 37.375, 37.625, 37.875, 38.125, 38.375, 38.625, 38.875, 39.125, 39.375, 39.625, 39.875, 40.125, 40.375, 40.625, 40.875, 41.125, 41.375, 41.625, 41.875, 42.125, 42.375, 42.625, 42.875, 43.125, 43.375, 43.625, 43.875, 44.125, 44.375, 44.625, 44.875, 45.125]","[-129.625, -129.375, -129.125, -128.875, -128.625, -128.375, -128.125, -127.875, -127.625, -127.375, -127.125, -126.875, -126.625, -126.375, -126.125, -125.875, -125.625, -125.375, -125.125, -124.875, -124.625, -124.375, -124.125, -123.875, -123.625, -123.375, -123.125, -122.875, -122.625, -122.375, -122.125, -121.875, -121.625, -121.375, -121.125, -120.875, -120.625, -120.375, -120.125, -119.875, -119.625, -119.375, -119.125, -118.875, -118.625, -118.375, -118.125, -117.875, -117.625, -117.375, -117.125, -116.875, -116.625, -116.375, -116.125, -115.875, -115.625, -115.375, -115.125, -114.875, -114.625]",20121129.23,39776.5078125,8686.5625,21.0,48.07285690307617,14.759374618530273,99.38480377197264,4.579084973198547,Fall,6001.0,37.56639132547028,-122.05611171149006,slow,690012.875,49.40308380126954,249.14997863769528,2.4701538646657313,20.0,-49.981719970703104,-1.0,-50.29110897615755
29,1203164,20060104.04,"[31.125, 31.375, 31.625, 31.875, 32.125, 32.375, 32.625, 32.875, 33.125, 33.375, 33.625, 33.875, 34.125, 34.375, 34.625, 34.875, 35.125, 35.375, 35.625, 35.875, 36.125, 36.375, 36.625, 36.875, 37.125, 37.375, 37.625, 37.875, 38.125, 38.375, 38.625, 38.875, 39.125, 39.375, 39.625, 39.875, 40.125, 40.375, 40.625, 40.875, 41.125, 41.375, 41.625, 41.875, 42.125, 42.375, 42.625, 42.875, 43.125, 43.375, 43.625, 43.875, 44.125, 44.375, 44.625, 44.875, 45.125, 45.375, 45.625, 45.875, 46.125]","[-129.125, -128.875, -128.625, -128.375, -128.125, -127.875, -127.625, -127.375, -127.125, -126.875, -126.625, -126.375, -126.125, -125.875, -125.625, -125.375, -125.125, -124.875, -124.625, -124.375, -124.125, -123.875, -123.625, -123.375, -123.125, -122.875, -122.625, -122.375, -122.125, -121.875, -121.625, -121.375, -121.125, -120.875, -120.625, -120.375, -120.125, -119.875, -119.625, -119.375, -119.125, -118.875, -118.625, -118.375, -118.125, -117.875, -117.625, -117.375, -117.125, -116.875, -116.625, -116.375, -116.125, -115.875, -115.625, -115.375, -115.125, -114.875, -114.625, -114.375, -114.125]",20051231.18,179969.453125,82375.6875,84.0,7.211071491241455,1.7604711055755615,48.05162048339844,2.1847399225044404,Winter,6067.0,38.74464114706309,-121.50584504650374,slow,1187873.375,105.45751190185547,349.92135620117193,1.2705725558338787,83.0,57.40589141845703,-1.0,119.4671289770351
30,70798,20121224.04,"[30.625, 30.875, 31.125, 31.375, 31.625, 31.875, 32.125, 32.375, 32.625, 32.875, 33.125, 33.375, 33.625, 33.875, 34.125, 34.375, 34.625, 34.875, 35.125, 35.375, 35.625, 35.875, 36.125, 36.375, 36.625, 36.875, 37.125, 37.375, 37.625, 37.875, 38.125, 38.375, 38.625, 38.875, 39.125, 39.375, 39.625, 39.875, 40.125, 40.375, 40.625, 40.875, 41.125, 41.375, 41.625, 41.875, 42.125, 42.375, 42.625, 42.875, 43.125, 43.375, 43.625, 43.875, 44.125, 44.375, 44.625, 44.875, 45.125, 45.375, 45.625]","[-129.875, -129.625, -129.375, -129.125, -128.875, -128.625, -128.375, -128.125, -127.875, -127.625, -127.375, -127.125, -126.875, -126.625, -126.375, -126.125, -125.875, -125.625, -125.375, -125.125, -124.875, -124.625, -124.375, -124.125, -123.875, -123.625, -123.375, -123.125, -122.875, -122.625, -122.375, -122.125, -121.875, -121.625, -121.375, -121.125, -120.875, -120.625, -120.375, -120.125, -119.875, -119.625, -119.375, -119.125, -118.875, -118.625, -118.375, -118.125, -117.875, -117.625, -117.375, -117.125, -116.875, -116.625, -116.375, -116.125, -115.875, -115.625, -115.375, -115.125, -114.875]",20121221.06,19931.1015625,9408.5625,72.0,3.7304165363311768,1.9915169477462769,42.69567108154297,2.1184002936155237,Winter,6041.0,38.12010455971894,-122.46806598315227,slow,1206304.25,86.15228271484375,383.06393432617193,1.2134122718449682,71.0,43.45661163330078,-1.0,101.78224286556947
31,1202731,20060101.05,"[31.875, 32.125, 32.375, 32.625, 32.875, 33.125, 33.375, 33.625, 33.875, 34.125, 34.375, 34.625, 34.875, 35.125, 35.375, 35.625, 35.875, 36.125, 36.375, 36.625, 36.875, 37.125, 37.375, 37.625, 37.875, 38.125, 38.375, 38.625, 38.875, 39.125, 39.375, 39.625, 39.875, 40.125, 40.375, 40.625, 40.875, 41.125, 41.375, 41.625, 41.875, 42.125, 42.375, 42.625, 42.875, 43.125, 43.375, 43.625, 43.875, 44.125, 44.375, 44.625, 44.875, 45.125, 45.375, 45.625, 45.875, 46.125, 46.375, 46.625, 46.875]","[-128.125, -127.875, -127.625, -127.375, -127.125, -126.875, -126.625, -126.375, -126.125, -125.875, -125.625, -125.375, -125.125, -124.875, -124.625, -124.375, -124.125, -123.875, -123.625, -123.375, -123.125, -122.875, -122.625, -122.375, -122.125, -121.875, -121.625, -121.375, -121.125, -120.875, -120.625, -120.375, -120.125, -119.875, -119.625, -119.375, -119.125, -118.875, -118.625, -118.375, -118.125, -117.875, -117.625, -117.375, -117.125, -116.875, -116.625, -116.375, -116.125, -115.875, -115.625, -115.375, -115.125, -114.875, -114.625, -114.375, -114.125, -113.875, -113.625, -113.375, -113.125]",20051230.14,22382.0703125,13041.125,42.0,6.4757142066955575,2.7659504413604736,40.440372467041016,1.7162683673762809,Winter,6091.0,39.42845597964214,-120.54012465783005,slow,1488246.875,119.95219421386719,512.1982421875,2.9988047695029243,40.0,79.51182174682617,-2.0,196.61495900322993
32,46877,20101226.05,"[26.625, 26.875, 27.125, 27.375, 27.625, 27.875, 28.125, 28.375, 28.625, 28.875, 29.125, 29.375, 29.625, 29.875, 30.125, 30.375, 30.625, 30.875, 31.125, 31.375, 31.625, 31.875, 32.125, 32.375, 32.625, 32.875, 33.125, 33.375, 33.625, 33.875, 34.125, 34.375, 34.625, 34.875, 35.125, 35.375, 35.625, 35.875, 36.125, 36.375, 36.625, 36.875, 37.125, 37.375, 37.625, 37.875, 38.125, 38.375, 38.625, 38.875, 39.125, 39.375, 39.625, 39.875, 40.125, 40.375, 40.625, 40.875, 41.125, 41.375, 41.625]","[-124.125, -123.875, -123.625, -123.375, -123.125, -122.875, -122.625, -122.375, -122.125, -121.875, -121.625, -121.375, -121.125, -120.875, -120.625, -120.375, -120.125, -119.875, -119.625, -119.375, -119.125, -118.875, -118.625, -118.375, -118.125, -117.875, -117.625, -117.375, -117.125, -116.875, -116.625, -116.375, -116.125, -115.875, -115.625, -115.375, -115.125, -114.875, -114.625, -114.375, -114.125, -113.875, -113.625, -113.375, -113.125, -112.875, -112.625, -112.375, -112.125, -111.875, -111.625, -111.375, -111.125, -110.875, -110.625, -110.375, -110.125, -109.875, -109.625, -109.375, -109.125]",20101219.0,167007.265625,102343.5,174.0,2.861724376678467,0.6347962617874146,37.218406677246094,1.6318307037085893,Winter,6073.0,34.104912181064726,-116.71317022247305,slow,1569278.625,156.9278564453125,855.1445922851561,0.901884330727588,174.0,119.7094497680664,0.0,321.6404474435822
33,14081,20080124.06,"[29.125, 29.375, 29.625, 29.875, 30.125, 30.375, 30.625, 30.875, 31.125, 31.375, 31.625, 31.875, 32.125, 32.375, 32.625, 32.875, 33.125, 33.375, 33.625, 33.875, 34.125, 34.375, 34.625, 34.875, 35.125, 35.375, 35.625, 35.875, 36.125, 36.375, 36.625, 36.875, 37.125, 37.375, 37.625, 37.875, 38.125, 38.375, 38.625, 38.875, 39.125, 39.375, 39.625, 39.875, 40.125, 40.375, 40.625, 40.875, 41.125, 41.375, 41.625, 41.875, 42.125, 42.375, 42.625, 42.875, 43.125, 43.375, 43.625, 43.875, 44.125]","[-127.125, -126.875, -126.625, -126.375, -126.125, -125.875, -125.625, -125.375, -125.125, -124.875, -124.625, -124.375, -124.125, -123.875, -123.625, -123.375, -123.125, -122.875, -122.625, -122.375, -122.125, -121.875, -121.625, -121.375, -121.125, -120.875, -120.625, -120.375, -120.125, -119.875, -119.625, -119.375, -119.125, -118.875, -118.625, -118.375, -118.125, -117.875, -117.625, -117.375, -117.125, -116.875, -116.625, -116.375, -116.125, -115.875, -115.625, -115.375, -115.125, -114.875, -114.625, -114.375, -114.125, -113.875, -113.625, -113.375, -113.125, -112.875, -112.625, -112.375, -112.125]",20080123.01,54533.578125,40025.875,30.0,95.0270004272461,3.0740463733673096,28.07128143310547,1.3624581130331317,Winter,6019.0,36.68381818581904,-119.74236722295616,slow,261985.1875,26.643465042114258,130.8141937255859,0.8881156346576407,30.0,-1.427816390991211,0.0,-5.086395483561131
34,70017,20121201.0,"[29.625, 29.875, 30.125, 30.375, 30.625, 30.875, 31.125, 31.375, 31.625, 31.875, 32.125, 32.375, 32.625, 32.875, 33.125, 33.375, 33.625, 33.875, 34.125, 34.375, 34.625, 34.875, 35.125, 35.375, 35.625, 35.875, 36.125, 36.375, 36.625, 36.875, 37.125, 37.375, 37.625, 37.875, 38.125, 38.375, 38.625, 38.875, 39.125, 39.375, 39.625, 39.875, 40.125, 40.375, 40.625, 40.875, 41.125, 41.375, 41.625, 41.875, 42.125, 42.375, 42.625, 42.875, 43.125, 43.375, 43.625, 43.875, 44.125, 44.375, 44.625]","[-127.375, -127.125, -126.875, -126.625, -126.375, -126.125, -125.875, -125.625, -125.375, -125.125, -124.875, -124.625, -124.375, -124.125, -123.875, -123.625, -123.375, -123.125, -122.875, -122.625, -122.375, -122.125, -121.875, -121.625, -121.375, -121.125, -120.875, -120.625, -120.375, -120.125, -119.875, -119.625, -119.375, -119.125, -118.875, -118.625, -118.375, -118.125, -117.875, -117.625, -117.375, -117.125, -116.875, -116.625, -116.375, -116.125, -115.875, -115.625, -115.375, -115.125, -114.875, -114.625, -114.375, -114.125, -113.875, -113.625, -113.375, -113.125, -112.875, -112.625, -112.375]",20121130.06,16311.380859375,15477.875,21.0,9.05571460723877,3.396789073944092,23.68136596679688,1.0538514401605517,Fall,6039.0,37.18151926727849,-119.93154771792307,slow,611884.5,48.01730346679687,216.8414764404297,2.527226484970501,19.0,24.33593749999999,-2.0,102.7640784493634
35,36788,20100121.21,"[28.625, 28.875, 29.125, 29.375, 29.625, 29.875, 30.125, 30.375, 30.625, 30.875, 31.125, 31.375, 31.625, 31.875, 32.125, 32.375, 32.625, 32.875, 33.125, 33.375, 33.625, 33.875, 34.125, 34.375, 34.625, 34.875, 35.125, 35.375, 35.625, 35.875, 36.125, 36.375, 36.625, 36.875, 37.125, 37.375, 37.625, 37.875, 38.125, 38.375, 38.625, 38.875, 39.125, 39.375, 39.625, 39.875, 40.125, 40.375, 40.625, 40.875, 41.125, 41.375, 41.625, 41.875, 42.125, 42.375, 42.625, 42.875, 43.125, 43.375, 43.625]","[-126.875, -126.625, -126.375, -126.125, -125.875, -125.625, -125.375, -125.125, -124.875, -124.625, -124.375, -124.125, -123.875, -123.625, -123.375, -123.125, -122.875, -122.625, -122.375, -122.125, -121.875, -121.625, -121.375, -121.125, -120.875, -120.625, -120.375, -120.125, -119.875, -119.625, -119.375, -119.125, -118.875, -118.625, -118.375, -118.125, -117.875, -117.625, -117.375, -117.125, -116.875, -116.625, -116.375, -116.125, -115.875, -115.625, -115.375, -115.125, -114.875, -114.625, -114.375, -114.125, -113.875, -113.625, -113.375, -113.125, -112.875, -112.625, -112.375, -112.125, -111.875]",20100118.07,151470.015625,145776.3125,87.0,3.9886202812194815,0.8084045648574829,21.579273223876964,1.0390578073169467,Winter,6031.0,36.055431685461976,-119.31469664653153,slow,1481384.875,139.14942932128906,565.578125,1.5994190618942075,87.0,117.5701560974121,0.0,544.8290814878949
36,45894,20101221.06,"[28.625, 28.875, 29.125, 29.375, 29.625, 29.875, 30.125, 30.375, 30.625, 30.875, 31.125, 31.375, 31.625, 31.875, 32.125, 32.375, 32.625, 32.875, 33.125, 33.375, 33.625, 33.875, 34.125, 34.375, 34.625, 34.875, 35.125, 35.375, 35.625, 35.875, 36.125, 36.375, 36.625, 36.875, 37.125, 37.375, 37.625, 37.875, 38.125, 38.375, 38.625, 38.875, 39.125, 39.375, 39.625, 39.875, 40.125, 40.375, 40.625, 40.875, 41.125, 41.375, 41.625, 41.875, 42.125, 42.375, 42.625, 42.875, 43.125, 43.375, 43.625]","[-126.625, -126.375, -126.125, -125.875, -125.625, -125.375, -125.125, -124.875, -124.625, -124.375, -124.125, -123.875, -123.625, -123.375, -123.125, -122.875, -122.625, -122.375, -122.125, -121.875, -121.625, -121.375, -121.125, -120.875, -120.625, -120.375, -120.125, -119.875, -119.625, -119.375, -119.125, -118.875, -118.625, -118.375, -118.125, -117.875, -117.625, -117.375, -117.125, -116.875, -116.625, -116.375, -116.125, -115.875, -115.625, -115.375, -115.125, -114.875, -114.625, -114.375, -114.125, -113.875, -113.625, -113.375, -113.125, -112.875, -112.625, -112.375, -112.125, -111.875, -111.625]",20101217.16,12643.6201171875,13447.25,87.0,2.4544827938079834,0.7315216660499573,19.93103218078613,0.940238347408392,Winter,6107.0,36.1763625323185,-119.13434692167752,slow,1924864.375,145.85620117187503,607.2188110351562,1.6765081831603035,87.0,125.9251689910889,0.0,631.8045540686197
37,69894,20121202.17,"[30.625, 30.875, 31.125, 31.375, 31.625, 31.875, 32.125, 32.375, 32.625, 32.875, 33.125, 33.375, 33.625, 33.875, 34.125, 34.375, 34.625, 34.875, 35.125, 35.375, 35.625, 35.875, 36.125, 36.375, 36.625, 36.875, 37.125, 37.375, 37.625, 37.875, 38.125, 38.375, 38.625, 38.875, 39.125, 39.375, 39.625, 39.875, 40.125, 40.375, 40.625, 40.875, 41.125, 41.375, 41.625, 41.875, 42.125, 42.375, 42.625, 42.875, 43.125, 43.375, 43.625, 43.875, 44.125, 44.375, 44.625, 44.875, 45.125, 45.375, 45.625]","[-130.125, -129.875, -129.625, -129.375, -129.125, -128.875, -128.625, -128.375, -128.125, -127.875, -127.625, -127.375, -127.125, -126.875, -126.625, -126.375, -126.125, -125.875, -125.625, -125.375, -125.125, -124.875, -124.625, -124.375, -124.125, -123.875, -123.625, -123.375, -123.125, -122.875, -122.625, -122.375, -122.125, -121.875, -121.625, -121.375, -121.125, -120.875, -120.625, -120.375, -120.125, -119.875, -119.625, -119.375, -119.125, -118.875, -118.625, -118.375, -118.125, -117.875, -117.625, -117.375, -117.125, -116.875, -116.625, -116.375, -116.125, -115.875, -115.625, -115.375, -115.125]",20121201.18,6115.490234375,8122.5,24.0,4.485000133514403,2.123434066772461,16.916576385498043,0.7529073849646045,Winter,6041.0,38.04295222071797,-122.5559837062828,slow,830695.25,62.77452087402344,263.71820068359375,2.615605034339686,24.0,45.85794448852539,0.0,271.0828919723835
38,69206,20121012.13,"[26.375, 26.625, 26.875, 27.125, 27.375, 27.625, 27.875, 28.125, 28.375, 28.625, 28.875, 29.125, 29.375, 29.625, 29.875, 30.125, 30.375, 30.625, 30.875, 31.125, 31.375, 31.625, 31.875, 32.125, 32.375, 32.625, 32.875, 33.125, 33.375, 33.625, 33.875, 34.125, 34.375, 34.625, 34.875, 35.125, 35.375, 35.625, 35.875, 36.125, 36.375, 36.625, 36.875, 37.125, 37.375, 37.625, 37.875, 38.125, 38.375, 38.625, 38.875, 39.125, 39.375, 39.625, 39.875, 40.125, 40.375, 40.625, 40.875, 41.125, 41.375]","[-123.625, -123.375, -123.125, -122.875, -122.625, -122.375, -122.125, -121.875, -121.625, -121.375, -121.125, -120.875, -120.625, -120.375, -120.125, -119.875, -119.625, -119.375, -119.125, -118.875, -118.625, -118.375, -118.125, -117.875, -117.625, -117.375, -117.125, -116.875, -116.625, -116.375, -116.125, -115.875, -115.625, -115.375, -115.125, -114.875, -114.625, -114.375, -114.125, -113.875, -113.625, -113.375, -113.125, -112.875, -112.625, -112.375, -112.125, -111.875, -111.625, -111.375, -111.125, -110.875, -110.625, -110.375, -110.125, -109.875, -109.625, -109.375, -109.125, -108.875, -108.625]",20121011.1,15702.1494140625,42530.3125,30.0,4.750999927520752,0.8330053687095642,9.347530364990234,0.3691990133875104,Fall,6065.0,33.84059247182327,-116.22591081692646,slow,59695.39843750001,12.205151557922365,39.69419097900391,0.32986895461939,37.0,2.8576211929321307,7.0,30.570868254516938
39,36727,20100120.22,"[29.875, 30.125, 30.375, 30.625, 30.875, 31.125, 31.375, 31.625, 31.875, 32.125, 32.375, 32.625, 32.875, 33.125, 33.375, 33.625, 33.875, 34.125, 34.375, 34.625, 34.875, 35.125, 35.375, 35.625, 35.875, 36.125, 36.375, 36.625, 36.875, 37.125, 37.375, 37.625, 37.875, 38.125, 38.375, 38.625, 38.875, 39.125, 39.375, 39.625, 39.875, 40.125, 40.375, 40.625, 40.875, 41.125, 41.375, 41.625, 41.875, 42.125, 42.375, 42.625, 42.875, 43.125, 43.375, 43.625, 43.875, 44.125, 44.375, 44.625, 44.875]","[-129.625, -129.375, -129.125, -128.875, -128.625, -128.375, -128.125, -127.875, -127.625, -127.375, -127.125, -126.875, -126.625, -126.375, -126.125, -125.875, -125.625, -125.375, -125.125, -124.875, -124.625, -124.375, -124.125, -123.875, -123.625, -123.375, -123.125, -122.875, -122.625, -122.375, -122.125, -121.875, -121.625, -121.375, -121.125, -120.875, -120.625, -120.375, -120.125, -119.875, -119.625, -119.375, -119.125, -118.875, -118.625, -118.375, -118.125, -117.875, -117.625, -117.375, -117.125, -116.875, -116.625, -116.375, -116.125, -115.875, -115.625, -115.375, -115.125, -114.875, -114.625]",20100120.0,27255.34765625,113399.125,24.0,29.90625,0.677858829498291,4.638618469238281,0.2403488356391639,Winter,6087.0,37.308776812141645,-122.00406135189553,slow,562276.375,39.81845474243164,162.39953613281253,1.7312368699022869,23.0,35.17983627319336,-1.0,758.4119389532445
40,50111,20110325.03,"[29.375, 29.625, 29.875, 30.125, 30.375, 30.625, 30.875, 31.125, 31.375, 31.625, 31.875, 32.125, 32.375, 32.625, 32.875, 33.125, 33.375, 33.625, 33.875, 34.125, 34.375, 34.625, 34.875, 35.125, 35.375, 35.625, 35.875, 36.125, 36.375, 36.625, 36.875, 37.125, 37.375, 37.625, 37.875, 38.125, 38.375, 38.625, 38.875, 39.125, 39.375, 39.625, 39.875, 40.125, 40.375, 40.625, 40.875, 41.125, 41.375, 41.625, 41.875, 42.125, 42.375, 42.625, 42.875, 43.125, 43.375, 43.625, 43.875, 44.125, 44.375]","[-127.375, -127.125, -126.875, -126.625, -126.375, -126.125, -125.875, -125.625, -125.375, -125.125, -124.875, -124.625, -124.375, -124.125, -123.875, -123.625, -123.375, -123.125, -122.875, -122.625, -122.375, -122.125, -121.875, -121.625, -121.375, -121.125, -120.875, -120.625, -120.375, -120.125, -119.875, -119.625, -119.375, -119.125, -118.875, -118.625, -118.375, -118.125, -117.875, -117.625, -117.375, -117.125, -116.875, -116.625, -116.375, -116.125, -115.875, -115.625, -115.375, -115.125, -114.875, -114.625, -114.375, -114.125, -113.875, -113.625, -113.375, -113.125, -112.875, -112.625, -112.375]",20110320.0,564.6700439453125,5821.125,126.0,0.09238095581531523,0.05211055651307106,2.160495042800904,0.09700359362585624,Spring,6019.0,36.778394403690136,-119.83560934847908,slow,1685131.625,117.08808135986327,354.0260314941407,0.9442585942718232,124.0,114.92758631706236,-2.0,5319.502430705335
41,34569,20091014.03,"[30.125, 30.375, 30.625, 30.875, 31.125, 31.375, 31.625, 31.875, 32.125, 32.375, 32.625, 32.875, 33.125, 33.375, 33.625, 33.875, 34.125, 34.375, 34.625, 34.875, 35.125, 35.375, 35.625, 35.875, 36.125, 36.375, 36.625, 36.875, 37.125, 37.375, 37.625, 37.875, 38.125, 38.375, 38.625, 38.875, 39.125, 39.375, 39.625, 39.875, 40.125, 40.375, 40.625, 40.875, 41.125, 41.375, 41.625, 41.875, 42.125, 42.375, 42.625, 42.875, 43.125, 43.375, 43.625, 43.875, 44.125, 44.375, 44.625, 44.875, 45.125]","[-129.625, -129.375, -129.125, -128.875, -128.625, -128.375, -128.125, -127.875, -127.625, -127.375, -127.125, -126.875, -126.625, -126.375, -126.125, -125.875, -125.625, -125.375, -125.125, -124.875, -124.625, -124.375, -124.125, -123.875, -123.625, -123.375, -123.125, -122.875, -122.625, -122.375, -122.125, -121.875, -121.625, -121.375, -121.125, -120.875, -120.625, -120.375, -120.125, -119.875, -119.625, -119.375, -119.125, -118.875, -118.625, -118.375, -118.125, -117.875, -117.625, -117.375, -117.125, -116.875, -116.625, -116.375, -116.125, -115.875, -115.625, -115.375, -115.125, -114.875, -114.625]",20091012.23,16.770000457763672,203.0625,30.0,0.22599999606609344,0.18633334338665009,1.856666684150696,0.0825854131499596,Fall,6001.0,37.573171546880644,-122.0125877139537,slow,873273.375,61.79841232299804,292.25439453124994,2.130979903530605,29.0,59.941745638847344,-1.0,3228.460237399412
42,36759,20100119.18,"[30.375, 30.625, 30.875, 31.125, 31.375, 31.625, 31.875, 32.125, 32.375, 32.625, 32.875, 33.125, 33.375, 33.625, 33.875, 34.125, 34.375, 34.625, 34.875, 35.125, 35.375, 35.625, 35.875, 36.125, 36.375, 36.625, 36.875, 37.125, 37.375, 37.625, 37.875, 38.125, 38.375, 38.625, 38.875, 39.125, 39.375, 39.625, 39.875, 40.125, 40.375, 40.625, 40.875, 41.125, 41.375, 41.625, 41.875, 42.125, 42.375, 42.625, 42.875, 43.125, 43.375, 43.625, 43.875, 44.125, 44.375, 44.625, 44.875, 45.125, 45.375]","[-129.875, -129.625, -129.375, -129.125, -128.875, -128.625, -128.375, -128.125, -127.875, -127.625, -127.375, -127.125, -126.875, -126.625, -126.375, -126.125, -125.875, -125.625, -125.375, -125.125, -124.875, -124.625, -124.375, -124.125, -123.875, -123.625, -123.375, -123.125, -122.875, -122.625, -122.375, -122.125, -121.875, -121.625, -121.375, -121.125, -120.875, -120.625, -120.375, -120.125, -119.875, -119.625, -119.375, -119.125, -118.875, -118.625, -118.375, -118.125, -117.875, -117.625, -117.375, -117.125, -116.875, -116.625, -116.375, -116.125, -115.875, -115.625, -115.375, -115.125, -114.875]",20100118.23,5263.75,60851.0625,21.0,0.8228572010993958,0.2788150906562805,1.7744944095611572,0.08650218720503032,Winter,6075.0,37.951543879043996,-122.36032606695805,slow,462835.03125,35.25287628173828,170.9494476318359,1.762644424622979,20.0,33.478381872177124,-1.0,1886.6434118807128
43,47359,20101229.17,"[28.875, 29.125, 29.375, 29.625, 29.875, 30.125, 30.375, 30.625, 30.875, 31.125, 31.375, 31.625, 31.875, 32.125, 32.375, 32.625, 32.875, 33.125, 33.375, 33.625, 33.875, 34.125, 34.375, 34.625, 34.875, 35.125, 35.375, 35.625, 35.875, 36.125, 36.375, 36.625, 36.875, 37.125, 37.375, 37.625, 37.875, 38.125, 38.375, 38.625, 38.875, 39.125, 39.375, 39.625, 39.875, 40.125, 40.375, 40.625, 40.875, 41.125, 41.375, 41.625, 41.875, 42.125, 42.375, 42.625, 42.875, 43.125, 43.375, 43.625, 43.875]","[-127.125, -126.875, -126.625, -126.375, -126.125, -125.875, -125.625, -125.375, -125.125, -124.875, -124.625, -124.375, -124.125, -123.875, -123.625, -123.375, -123.125, -122.875, -122.625, -122.375, -122.125, -121.875, -121.625, -121.375, -121.125, -120.875, -120.625, -120.375, -120.125, -119.875, -119.625, -119.375, -119.125, -118.875, -118.625, -118.375, -118.125, -117.875, -117.625, -117.375, -117.125, -116.875, -116.625, -116.375, -116.125, -115.875, -115.625, -115.375, -115.125, -114.875, -114.625, -114.375, -114.125, -113.875, -113.625, -113.375, -113.125, -112.875, -112.625, -112.375, -112.125]",20101228.23,85.69999694824219,1511.6875,21.0,0.3214285671710968,0.18272921442985526,1.2036521434783936,0.0566916091773215,Winter,6019.0,36.467684458352,-119.57911686327895,slow,519591.90625,39.83378601074218,129.20306396484375,2.09651515452264,19.0,38.63013386726379,-2.0,3209.4101336975873
44,48221,20110103.18,"[28.875, 29.125, 29.375, 29.625, 29.875, 30.125, 30.375, 30.625, 30.875, 31.125, 31.375, 31.625, 31.875, 32.125, 32.375, 32.625, 32.875, 33.125, 33.375, 33.625, 33.875, 34.125, 34.375, 34.625, 34.875, 35.125, 35.375, 35.625, 35.875, 36.125, 36.375, 36.625, 36.875, 37.125, 37.375, 37.625, 37.875, 38.125, 38.375, 38.625, 38.875, 39.125, 39.375, 39.625, 39.875, 40.125, 40.375, 40.625, 40.875, 41.125, 41.375, 41.625, 41.875, 42.125, 42.375, 42.625, 42.875, 43.125, 43.375, 43.625, 43.875]","[-126.625, -126.375, -126.125, -125.875, -125.625, -125.375, -125.125, -124.875, -124.625, -124.375, -124.125, -123.875, -123.625, -123.375, -123.125, -122.875, -122.625, -122.375, -122.125, -121.875, -121.625, -121.375, -121.125, -120.875, -120.625, -120.375, -120.125, -119.875, -119.625, -119.375, -119.125, -118.875, -118.625, -118.375, -118.125, -117.875, -117.625, -117.375, -117.125, -116.875, -116.625, -116.375, -116.125, -115.875, -115.625, -115.375, -115.125, -114.875, -114.625, -114.375, -114.125, -113.875, -113.625, -113.375, -113.125, -112.875, -112.625, -112.375, -112.125, -111.875, -111.625]",20110102.0,16.809999465942386,564.0625,45.0,0.06666667014360428,0.04482666403055191,0.655661940574646,0.029801661103055755,Winter,6107.0,36.457835824156774,-119.24140530380043,slow,411292.8125,32.3343391418457,156.72186279296875,0.7519614249881953,43.0,31.678677201271057,-2.0,4831.556514246764
